{
  "name": "ReloadCustomScenarios",
  "description": "Reloads custom scenarios every time you open the editor menu. Chasaroonie asked for it and I've been putting it off for like 26 years.\r\n\r\nThe mod reloads scenarios every time you enter the first editor window (with the selection to open campaigns, standalone missions or liveries).\r\n\r\nI'd recommend you enable Load On Start, makes it a lot easier as you won't need VR at all to use it!",
  "dll_file": "",
  "last_edit": 638339554029993480,
  "pub_id": "",
  "json_version": "",
  "version": "0.2.0",
  "tagline": "Baha fix your goddamn editor",
  "repository": "",
  "is_public": false,
  "unlisted": false,
  "preview_image": "preview.png",
  "web_preview_image": "",
  "dependencies": [],
  "mod_dependencies": null,
  "menu_mod": false,
  "ContentType": 3
}